{
  "flatmem": {
    "acc_matrix": [
      [
        0.8314814814814815,
        0.07407407407407407,
        0.0962962962962963,
        0.11296296296296296,
        0.10925925925925926
      ],
      [
        0.7537037037037037,
        0.737037037037037,
        0.07407407407407407,
        0.11481481481481481,
        0.10555555555555556
      ],
      [
        0.725925925925926,
        0.7092592592592593,
        0.7166666666666667,
        0.12037037037037036,
        0.11481481481481481
      ],
      [
        0.6814814814814815,
        0.6425925925925926,
        0.6888888888888889,
        0.7,
        0.12037037037037036
      ],
      [
        0.65,
        0.6388888888888888,
        0.6574074074074074,
        0.6518518518518519,
        0.6370370370370371
      ]
    ],
    "final_avg": 0.647037037037037,
    "bwt": -0.09675925925925924,
    "elapsed_s": 29.482994200000576
  },
  "sklearn-mlp": {
    "acc_matrix": [
      [
        0.9722222222222222,
        0.08518518518518518,
        0.12222222222222222,
        0.05555555555555555,
        0.08518518518518518
      ],
      [
        0.29074074074074074,
        0.9666666666666667,
        0.11296296296296296,
        0.11666666666666667,
        0.1259259259259259
      ],
      [
        0.11296296296296296,
        0.5777777777777777,
        0.9648148148148148,
        0.13518518518518519,
        0.10185185185185185
      ],
      [
        0.06851851851851852,
        0.3888888888888889,
        0.5537037037037037,
        0.9703703703703703,
        0.11851851851851852
      ],
      [
        0.10555555555555556,
        0.2462962962962963,
        0.24444444444444444,
        0.6092592592592593,
        0.9481481481481482
      ]
    ],
    "final_avg": 0.43074074074074076,
    "bwt": -0.6671296296296296,
    "elapsed_s": 1.7601460999994742
  }
}