{
  "flatmem-raw": {
    "acc_matrix": [
      [
        0.738,
        0.112,
        0.118,
        0.09,
        0.094
      ],
      [
        0.707,
        0.7,
        0.115,
        0.096,
        0.097
      ],
      [
        0.682,
        0.683,
        0.691,
        0.099,
        0.09
      ],
      [
        0.656,
        0.663,
        0.669,
        0.663,
        0.086
      ],
      [
        0.632,
        0.654,
        0.659,
        0.643,
        0.609
      ]
    ],
    "final_avg": 0.6394,
    "bwt": -0.05099999999999996,
    "elapsed_s": 126.1224252999964
  },
  "flatmem-pca64": {
    "acc_matrix": [
      [
        0.502,
        0.114,
        0.08,
        0.067,
        0.107
      ],
      [
        0.501,
        0.477,
        0.086,
        0.071,
        0.095
      ],
      [
        0.509,
        0.473,
        0.526,
        0.081,
        0.082
      ],
      [
        0.506,
        0.468,
        0.522,
        0.542,
        0.096
      ],
      [
        0.505,
        0.467,
        0.52,
        0.532,
        0.523
      ]
    ],
    "final_avg": 0.5094000000000001,
    "bwt": -0.005749999999999991,
    "elapsed_s": 127.4460395999995
  },
  "sklearn-mlp": {
    "acc_matrix": [
      [
        0.921,
        0.15,
        0.111,
        0.083,
        0.103
      ],
      [
        0.885,
        0.93,
        0.078,
        0.114,
        0.139
      ],
      [
        0.79,
        0.832,
        0.935,
        0.098,
        0.082
      ],
      [
        0.673,
        0.743,
        0.848,
        0.93,
        0.102
      ],
      [
        0.629,
        0.691,
        0.638,
        0.854,
        0.932
      ]
    ],
    "final_avg": 0.7487999999999999,
    "bwt": -0.22600000000000006,
    "elapsed_s": 8.263858800004527
  },
  "torch-cnn": {
    "acc_matrix": [
      [
        0.862,
        0.156,
        0.108,
        0.117,
        0.067
      ],
      [
        0.415,
        0.88,
        0.109,
        0.1,
        0.052
      ],
      [
        0.273,
        0.423,
        0.875,
        0.085,
        0.12
      ],
      [
        0.293,
        0.267,
        0.511,
        0.908,
        0.104
      ],
      [
        0.232,
        0.221,
        0.256,
        0.529,
        0.888
      ]
    ],
    "final_avg": 0.42519999999999997,
    "bwt": -0.57175,
    "elapsed_s": 36.304156899997906
  }
}