{
  "flatmem-raw": {
    "acc_matrix": [
      [
        0.429,
        0.109,
        0.069,
        0.129,
        0.11
      ],
      [
        0.434,
        0.361,
        0.115,
        0.13,
        0.109
      ],
      [
        0.434,
        0.361,
        0.403,
        0.099,
        0.107
      ],
      [
        0.433,
        0.361,
        0.402,
        0.479,
        0.104
      ],
      [
        0.433,
        0.361,
        0.402,
        0.479,
        0.374
      ]
    ],
    "final_avg": 0.40980000000000005,
    "bwt": 0.0007500000000000007,
    "elapsed_s": 126.7658522999991
  },
  "flatmem-pca64": {
    "acc_matrix": [
      [
        0.43,
        0.097,
        0.104,
        0.114,
        0.082
      ],
      [
        0.431,
        0.403,
        0.111,
        0.114,
        0.09
      ],
      [
        0.424,
        0.403,
        0.375,
        0.11,
        0.07
      ],
      [
        0.417,
        0.403,
        0.379,
        0.356,
        0.091
      ],
      [
        0.417,
        0.403,
        0.378,
        0.357,
        0.349
      ]
    ],
    "final_avg": 0.38079999999999997,
    "bwt": -0.002250000000000002,
    "elapsed_s": 128.12624540000252
  },
  "sklearn-mlp": {
    "acc_matrix": [
      [
        0.921,
        0.15,
        0.111,
        0.083,
        0.103
      ],
      [
        0.885,
        0.93,
        0.078,
        0.114,
        0.139
      ],
      [
        0.79,
        0.832,
        0.935,
        0.098,
        0.082
      ],
      [
        0.673,
        0.743,
        0.848,
        0.93,
        0.102
      ],
      [
        0.629,
        0.691,
        0.638,
        0.854,
        0.932
      ]
    ],
    "final_avg": 0.7487999999999999,
    "bwt": -0.22600000000000006,
    "elapsed_s": 8.392532699996082
  },
  "torch-cnn": {
    "acc_matrix": [
      [
        0.862,
        0.156,
        0.108,
        0.117,
        0.067
      ],
      [
        0.415,
        0.88,
        0.109,
        0.1,
        0.052
      ],
      [
        0.273,
        0.423,
        0.875,
        0.085,
        0.12
      ],
      [
        0.293,
        0.267,
        0.511,
        0.908,
        0.104
      ],
      [
        0.232,
        0.221,
        0.256,
        0.529,
        0.888
      ]
    ],
    "final_avg": 0.42519999999999997,
    "bwt": -0.57175,
    "elapsed_s": 36.55058889999782
  }
}