{
  "flatmem": {
    "acc_matrix": [
      [
        0.9724770642201835,
        0.0,
        0.0,
        0.0,
        0.0
      ],
      [
        0.9357798165137615,
        0.9166666666666666,
        0.0,
        0.0,
        0.0
      ],
      [
        0.9174311926605505,
        0.9074074074074074,
        0.9174311926605505,
        0.0,
        0.0
      ],
      [
        0.9174311926605505,
        0.9074074074074074,
        0.8807339449541285,
        0.9074074074074074,
        0.0
      ],
      [
        0.926605504587156,
        0.8796296296296297,
        0.8623853211009175,
        0.9074074074074074,
        0.7547169811320755
      ]
    ],
    "final_avg": 0.8661489687714372,
    "bwt": -0.0344886170574244,
    "elapsed_s": 5.700428799999827
  },
  "sklearn-mlp": {
    "acc_matrix": [
      [
        0.9908256880733946,
        0.0,
        0.0,
        0.0,
        0.0
      ],
      [
        0.0,
        1.0,
        0.0,
        0.0,
        0.0
      ],
      [
        0.0,
        0.0,
        0.9908256880733946,
        0.0,
        0.0
      ],
      [
        0.0,
        0.0,
        0.0,
        1.0,
        0.0
      ],
      [
        0.0,
        0.0,
        0.0,
        0.0,
        0.9905660377358491
      ]
    ],
    "final_avg": 0.19811320754716982,
    "bwt": -0.9954128440366973,
    "elapsed_s": 0.6061657000000196
  }
}