{
  "flatmem-raw": {
    "acc_matrix": [
      [
        0.98,
        0.0,
        0.0,
        0.0,
        0.0
      ],
      [
        0.98,
        0.925,
        0.0,
        0.0,
        0.0
      ],
      [
        0.98,
        0.92,
        0.855,
        0.0,
        0.0
      ],
      [
        0.98,
        0.91,
        0.84,
        0.965,
        0.0
      ],
      [
        0.98,
        0.915,
        0.84,
        0.965,
        0.89
      ]
    ],
    "final_avg": 0.9179999999999999,
    "bwt": -0.0062500000000000056,
    "elapsed_s": 24.734409500000766
  },
  "flatmem-pca64": {
    "acc_matrix": [
      [
        0.95,
        0.0,
        0.0,
        0.0,
        0.0
      ],
      [
        0.945,
        0.79,
        0.0,
        0.0,
        0.0
      ],
      [
        0.925,
        0.785,
        0.795,
        0.0,
        0.0
      ],
      [
        0.94,
        0.735,
        0.755,
        0.9,
        0.0
      ],
      [
        0.94,
        0.735,
        0.77,
        0.9,
        0.72
      ]
    ],
    "final_avg": 0.813,
    "bwt": -0.02250000000000002,
    "elapsed_s": 25.550775800002157
  },
  "sklearn-mlp": {
    "acc_matrix": [
      [
        1.0,
        0.0,
        0.0,
        0.0,
        0.0
      ],
      [
        0.0,
        0.99,
        0.0,
        0.0,
        0.0
      ],
      [
        0.0,
        0.0,
        0.975,
        0.0,
        0.0
      ],
      [
        0.0,
        0.0,
        0.0,
        0.995,
        0.0
      ],
      [
        0.0,
        0.0,
        0.0,
        0.0,
        0.965
      ]
    ],
    "final_avg": 0.193,
    "bwt": -0.99,
    "elapsed_s": 1.2890196999942418
  },
  "torch-cnn": {
    "acc_matrix": [
      [
        0.995,
        0.0,
        0.0,
        0.0,
        0.0
      ],
      [
        0.0,
        0.5,
        0.0,
        0.0,
        0.0
      ],
      [
        0.0,
        0.0,
        0.5,
        0.0,
        0.0
      ],
      [
        0.0,
        0.0,
        0.0,
        0.5,
        0.0
      ],
      [
        0.0,
        0.0,
        0.0,
        0.0,
        0.5
      ]
    ],
    "final_avg": 0.1,
    "bwt": -0.62375,
    "elapsed_s": 7.172265199995309
  }
}