{
  "flatmem-raw": {
    "acc_matrix": [
      [
        0.98,
        0.0,
        0.0,
        0.0,
        0.0
      ],
      [
        0.98,
        0.855,
        0.0,
        0.0,
        0.0
      ],
      [
        0.98,
        0.855,
        0.89,
        0.0,
        0.0
      ],
      [
        0.98,
        0.855,
        0.89,
        0.95,
        0.0
      ],
      [
        0.98,
        0.855,
        0.89,
        0.95,
        0.78
      ]
    ],
    "final_avg": 0.891,
    "bwt": 0.0,
    "elapsed_s": 25.172252500000468
  },
  "flatmem-pca64": {
    "acc_matrix": [
      [
        0.91,
        0.0,
        0.0,
        0.0,
        0.0
      ],
      [
        0.91,
        0.885,
        0.0,
        0.0,
        0.0
      ],
      [
        0.915,
        0.885,
        0.88,
        0.0,
        0.0
      ],
      [
        0.915,
        0.885,
        0.885,
        0.99,
        0.0
      ],
      [
        0.91,
        0.885,
        0.88,
        0.99,
        0.94
      ]
    ],
    "final_avg": 0.921,
    "bwt": 0.0,
    "elapsed_s": 24.70549139999639
  },
  "sklearn-mlp": {
    "acc_matrix": [
      [
        1.0,
        0.0,
        0.0,
        0.0,
        0.0
      ],
      [
        0.0,
        0.99,
        0.0,
        0.0,
        0.0
      ],
      [
        0.0,
        0.0,
        0.975,
        0.0,
        0.0
      ],
      [
        0.0,
        0.0,
        0.0,
        0.995,
        0.0
      ],
      [
        0.0,
        0.0,
        0.0,
        0.0,
        0.965
      ]
    ],
    "final_avg": 0.193,
    "bwt": -0.99,
    "elapsed_s": 1.2481152000036673
  },
  "torch-cnn": {
    "acc_matrix": [
      [
        0.995,
        0.0,
        0.0,
        0.0,
        0.0
      ],
      [
        0.0,
        0.5,
        0.0,
        0.0,
        0.0
      ],
      [
        0.0,
        0.0,
        0.5,
        0.0,
        0.0
      ],
      [
        0.0,
        0.0,
        0.0,
        0.5,
        0.0
      ],
      [
        0.0,
        0.0,
        0.0,
        0.0,
        0.5
      ]
    ],
    "final_avg": 0.1,
    "bwt": -0.62375,
    "elapsed_s": 6.934714700000768
  }
}